1;Juan;Gomez;juan.gomez1@test.com;Juan11;999 Test Address;City;77080;9999999999;Colombia
2;Jose;Ramirez;jose.ramirez2@test.com;Jose22;1000 Test Address;City;77080;9999999999;Mexico
3;Mario;Castro;mario.castro3@test.com;Mario33;1001 Test Address;City;77080;9999999999;Colombia
4;Luis;Lopez;luis.lopez4@test.com;Luis44;1002 Test Address;City;77080;9999999999;Mexico
5;Pedro;Perez;pedro.perez5@test.com;Pedro55;1003 Test Address;City;77080;9999999999;Colombia
6;Antonio;Ortiz;antonio.ortiz6@test.com;Antonio66;1004 Test Address;City;77080;9999999999;Mexico
7;Sebastian;Martinez;sebastian.martinez7@test.com;Sebastian77;1005 Test Address;City;77080;9999999999;Colombia
8;Maria;Lopez;maria.lopez8@test.com;Maria88;1006 Test Address;City;77080;9999999999;Mexico
9;Luisa;Ruiz;luisa.ruiz9@test.com;Luisa99;1007 Test Address;City;77080;9999999999;Colombia
10;Jose;Ramirez;jose.ramirez10@test.com;Jose1010;1008 Test Address;City;77080;9999999999;Mexico
